Image,Label
0.jpg,3
1.jpg,1
2.jpg,3
3.jpg,4
6.jpg,0
7.jpg,1
8.jpg,1
9.jpg,3
10.jpg,2
12.jpg,3
13.jpg,0
14.jpg,3
15.jpg,0
16.jpg,2
17.jpg,0
18.jpg,4
19.jpg,3
20.jpg,3
21.jpg,1
22.jpg,0
26.jpg,4
28.jpg,1
30.jpg,2
32.jpg,0
33.jpg,3
34.jpg,3
38.jpg,1
41.jpg,2
42.jpg,3
43.jpg,4
45.jpg,1
47.jpg,3
48.jpg,0
49.jpg,2
51.jpg,3
52.jpg,3
53.jpg,2
54.jpg,0
56.jpg,0
58.jpg,4
59.jpg,3
61.jpg,4
62.jpg,0
63.jpg,4
65.jpg,3
67.jpg,0
68.jpg,0
69.jpg,3
70.jpg,0
73.jpg,0
75.jpg,1
76.jpg,0
77.jpg,1
79.jpg,2
80.jpg,0
82.jpg,2
83.jpg,1
84.jpg,3
85.jpg,1
86.jpg,1
87.jpg,0
90.jpg,2
91.jpg,1
92.jpg,1
93.jpg,3
94.jpg,0
95.jpg,4
97.jpg,4
98.jpg,0
99.jpg,1
100.jpg,0
105.jpg,3
106.jpg,2
107.jpg,3
108.jpg,2
109.jpg,0
110.jpg,4
113.jpg,4
114.jpg,3
116.jpg,3
117.jpg,3
119.jpg,3
121.jpg,1
122.jpg,3
124.jpg,3
126.jpg,4
128.jpg,1
129.jpg,1
132.jpg,3
134.jpg,0
135.jpg,1
136.jpg,3
141.jpg,1
142.jpg,4
146.jpg,4
149.jpg,0
150.jpg,3
151.jpg,0
153.jpg,3
154.jpg,1
155.jpg,0
157.jpg,0
158.jpg,3
159.jpg,2
161.jpg,1
163.jpg,0
164.jpg,3
166.jpg,3
167.jpg,4
168.jpg,0
169.jpg,0
171.jpg,3
172.jpg,3
173.jpg,2
174.jpg,1
177.jpg,3
179.jpg,3
180.jpg,1
181.jpg,3
182.jpg,0
183.jpg,4
184.jpg,3
185.jpg,3
187.jpg,2
188.jpg,2
190.jpg,0
192.jpg,1
193.jpg,3
194.jpg,1
195.jpg,0
196.jpg,1
197.jpg,3
198.jpg,1
199.jpg,3
200.jpg,2
203.jpg,4
204.jpg,0
206.jpg,3
207.jpg,4
208.jpg,3
211.jpg,0
212.jpg,0
213.jpg,2
214.jpg,2
215.jpg,3
216.jpg,4
217.jpg,1
218.jpg,4
219.jpg,0
220.jpg,3
221.jpg,0
224.jpg,4
226.jpg,0
227.jpg,4
229.jpg,4
230.jpg,2
232.jpg,3
233.jpg,1
234.jpg,4
236.jpg,3
238.jpg,4
239.jpg,4
240.jpg,4
241.jpg,0
245.jpg,1
246.jpg,1
251.jpg,4
252.jpg,4
255.jpg,2
258.jpg,1
259.jpg,3
261.jpg,4
262.jpg,0
263.jpg,4
264.jpg,1
266.jpg,1
267.jpg,0
269.jpg,3
270.jpg,4
272.jpg,4
275.jpg,4
280.jpg,0
281.jpg,0
284.jpg,0
285.jpg,0
286.jpg,2
287.jpg,3
289.jpg,1
290.jpg,2
293.jpg,4
294.jpg,4
295.jpg,2
297.jpg,0
299.jpg,4
300.jpg,0
301.jpg,2
302.jpg,2
303.jpg,0
307.jpg,4
308.jpg,1
311.jpg,3
312.jpg,3
314.jpg,4
318.jpg,4
319.jpg,2
320.jpg,0
323.jpg,3
327.jpg,3
329.jpg,3
332.jpg,1
333.jpg,1
335.jpg,1
336.jpg,2
337.jpg,4
340.jpg,1
343.jpg,3
345.jpg,0
346.jpg,1
348.jpg,4
349.jpg,0
350.jpg,3
351.jpg,1
352.jpg,3
357.jpg,2
358.jpg,1
359.jpg,0
360.jpg,1
361.jpg,3
362.jpg,0
363.jpg,0
368.jpg,4
369.jpg,0
370.jpg,3
371.jpg,0
376.jpg,4
377.jpg,2
378.jpg,0
380.jpg,0
381.jpg,4
382.jpg,4
383.jpg,3
385.jpg,4
391.jpg,0
393.jpg,0
394.jpg,0
400.jpg,2
401.jpg,0
403.jpg,0
407.jpg,0
408.jpg,3
409.jpg,2
412.jpg,4
413.jpg,2
414.jpg,4
415.jpg,4
416.jpg,0
418.jpg,4
420.jpg,0
421.jpg,3
423.jpg,2
425.jpg,3
427.jpg,2
428.jpg,3
431.jpg,3
432.jpg,4
433.jpg,2
434.jpg,2
435.jpg,1
436.jpg,4
442.jpg,3
443.jpg,2
446.jpg,0
447.jpg,3
450.jpg,0
455.jpg,4
456.jpg,1
458.jpg,1
461.jpg,1
462.jpg,3
464.jpg,0
466.jpg,3
467.jpg,3
468.jpg,0
472.jpg,3
473.jpg,0
477.jpg,0
479.jpg,2
484.jpg,4
485.jpg,2
486.jpg,0
489.jpg,4
490.jpg,1
491.jpg,3
493.jpg,4
494.jpg,2
495.jpg,3
496.jpg,3
497.jpg,0
498.jpg,0
502.jpg,3
504.jpg,0
505.jpg,0
508.jpg,4
509.jpg,4
511.jpg,4
513.jpg,3
515.jpg,3
517.jpg,0
518.jpg,0
529.jpg,0
531.jpg,4
533.jpg,2
535.jpg,4
536.jpg,4
539.jpg,3
540.jpg,4
541.jpg,0
544.jpg,3
547.jpg,0
548.jpg,0
549.jpg,2
550.jpg,3
551.jpg,3
552.jpg,3
556.jpg,3
557.jpg,0
561.jpg,1
563.jpg,2
564.jpg,4
566.jpg,3
570.jpg,3
572.jpg,0
574.jpg,3
575.jpg,3
576.jpg,0
578.jpg,0
579.jpg,3
581.jpg,3
583.jpg,4
586.jpg,4
589.jpg,1
590.jpg,0
591.jpg,0
592.jpg,1
593.jpg,0
594.jpg,1
595.jpg,4
596.jpg,0
597.jpg,4
598.jpg,0
600.jpg,3
602.jpg,1
603.jpg,0
604.jpg,0
606.jpg,0
607.jpg,4
608.jpg,4
610.jpg,4
612.jpg,3
613.jpg,0
614.jpg,0
615.jpg,4
616.jpg,0
617.jpg,0
618.jpg,0
619.jpg,4
620.jpg,0
621.jpg,4
625.jpg,2
626.jpg,4
629.jpg,1
630.jpg,0
631.jpg,0
633.jpg,0
634.jpg,2
635.jpg,4
637.jpg,0
638.jpg,4
642.jpg,4
643.jpg,0
644.jpg,3
649.jpg,2
650.jpg,0
652.jpg,2
653.jpg,3
656.jpg,0
657.jpg,4
658.jpg,0
659.jpg,1
664.jpg,0
666.jpg,2
667.jpg,3
668.jpg,2
670.jpg,2
671.jpg,4
672.jpg,2
673.jpg,2
674.jpg,1
677.jpg,4
678.jpg,4
681.jpg,3
682.jpg,4
685.jpg,4
686.jpg,3
687.jpg,3
688.jpg,2
689.jpg,4
690.jpg,4
691.jpg,4
692.jpg,4
695.jpg,0
698.jpg,1
700.jpg,2
701.jpg,3
702.jpg,0
703.jpg,0
704.jpg,2
708.jpg,2
709.jpg,2
710.jpg,0
717.jpg,2
720.jpg,3
724.jpg,3
725.jpg,4
731.jpg,3
732.jpg,4
733.jpg,1
738.jpg,0
739.jpg,1
743.jpg,4
744.jpg,3
745.jpg,0
746.jpg,3
747.jpg,0
797.jpg,4
800.jpg,2
807.jpg,1
809.jpg,0
810.jpg,0
812.jpg,3
814.jpg,0
815.jpg,1
816.jpg,0
817.jpg,1
818.jpg,4
819.jpg,1
820.jpg,0
821.jpg,4
822.jpg,3
823.jpg,2
824.jpg,3
826.jpg,4
829.jpg,3
831.jpg,1
836.jpg,4
837.jpg,2
838.jpg,0
839.jpg,4
842.jpg,4
844.jpg,0
845.jpg,1
848.jpg,2
850.jpg,3
853.jpg,0
855.jpg,2
858.jpg,2
860.jpg,0
861.jpg,1
862.jpg,4
863.jpg,1
865.jpg,4
868.jpg,1
869.jpg,3
870.jpg,3
871.jpg,2
873.jpg,3
874.jpg,3
877.jpg,4
878.jpg,3
879.jpg,0
883.jpg,1
884.jpg,0
887.jpg,4
891.jpg,3
893.jpg,2
895.jpg,0
897.jpg,2
898.jpg,3
899.jpg,1
901.jpg,4
903.jpg,1
904.jpg,0
907.jpg,1
908.jpg,3
910.jpg,4
912.jpg,3
915.jpg,3
916.jpg,1
918.jpg,3
919.jpg,0
920.jpg,1
921.jpg,0
923.jpg,3
927.jpg,2
929.jpg,0
933.jpg,0
934.jpg,4
936.jpg,0
938.jpg,2
940.jpg,0
942.jpg,0
947.jpg,0
950.jpg,0
954.jpg,0
955.jpg,0
960.jpg,0
963.jpg,2
966.jpg,1
967.jpg,3
968.jpg,0
970.jpg,0
973.jpg,0
974.jpg,1
975.jpg,0
976.jpg,0
977.jpg,3
980.jpg,3
983.jpg,1
986.jpg,1
988.jpg,3
991.jpg,4
992.jpg,4
996.jpg,0
998.jpg,2
1000.jpg,4
1002.jpg,2
1003.jpg,0
1004.jpg,2
1008.jpg,0
1010.jpg,4
1012.jpg,3
1013.jpg,4
1014.jpg,1
1015.jpg,1
1016.jpg,4
1019.jpg,1
1021.jpg,2
1022.jpg,0
1025.jpg,0
1027.jpg,0
1029.jpg,1
1030.jpg,3
1031.jpg,2
1034.jpg,4
1036.jpg,2
1038.jpg,4
1040.jpg,0
1043.jpg,3
1044.jpg,3
1045.jpg,1
1046.jpg,2
1048.jpg,1
1100.jpg,1
1101.jpg,1
1106.jpg,1
1108.jpg,2
1110.jpg,3
1113.jpg,0
1114.jpg,0
1115.jpg,3
1119.jpg,4
1122.jpg,3
1123.jpg,2
1124.jpg,1
1125.jpg,2
1127.jpg,1
1129.jpg,3
1130.jpg,4
1131.jpg,2
1135.jpg,4
1136.jpg,0
1137.jpg,0
1138.jpg,3
1139.jpg,3
1141.jpg,1
1142.jpg,2
1143.jpg,4
1144.jpg,4
1145.jpg,3
1151.jpg,0
1152.jpg,0
1153.jpg,3
1154.jpg,4
1157.jpg,0
1158.jpg,4
1165.jpg,0
1167.jpg,2
1169.jpg,3
1170.jpg,0
1171.jpg,3
1172.jpg,0
1173.jpg,3
1174.jpg,3
1175.jpg,2
1176.jpg,4
1177.jpg,1
1179.jpg,1
1181.jpg,1
1183.jpg,4
1184.jpg,1
1185.jpg,0
1188.jpg,2
1189.jpg,4
1190.jpg,0
1191.jpg,0
1192.jpg,4
1193.jpg,2
1194.jpg,0
1196.jpg,3
1199.jpg,3
1208.jpg,0
1209.jpg,3
1210.jpg,0
1211.jpg,3
1212.jpg,0
1214.jpg,0
1215.jpg,4
1216.jpg,2
1220.jpg,4
1223.jpg,3
1224.jpg,2
1226.jpg,3
1227.jpg,4
1229.jpg,0
1230.jpg,1
1233.jpg,4
1234.jpg,2
1235.jpg,3
1237.jpg,3
1238.jpg,4
1241.jpg,4
1242.jpg,0
1243.jpg,2
1244.jpg,3
1245.jpg,2
1246.jpg,0
1249.jpg,4
1250.jpg,1
1251.jpg,3
1254.jpg,3
1255.jpg,4
1257.jpg,1
1258.jpg,2
1261.jpg,0
1262.jpg,4
1264.jpg,2
1267.jpg,4
1269.jpg,3
1271.jpg,2
1272.jpg,2
1274.jpg,4
1275.jpg,4
1276.jpg,2
1277.jpg,0
1278.jpg,4
1279.jpg,3
1280.jpg,0
1281.jpg,3
1282.jpg,4
1283.jpg,0
1284.jpg,3
1285.jpg,3
1286.jpg,0
1290.jpg,3
1292.jpg,0
1294.jpg,1
1296.jpg,3
1297.jpg,3
1301.jpg,4
1304.jpg,0
1305.jpg,4
1309.jpg,4
1312.jpg,1
1314.jpg,3
1315.jpg,3
1316.jpg,0
1317.jpg,4
1320.jpg,2
1321.jpg,4
1322.jpg,1
1325.jpg,2
1326.jpg,0
1327.jpg,0
1328.jpg,0
1330.jpg,2
1331.jpg,4
1334.jpg,2
1335.jpg,3
1337.jpg,4
1339.jpg,4
1341.jpg,3
1343.jpg,4
1345.jpg,1
1348.jpg,0
1350.jpg,3
1351.jpg,1
1352.jpg,3
1353.jpg,3
1354.jpg,4
1355.jpg,2
1356.jpg,3
1358.jpg,0
1359.jpg,4
1361.jpg,1
1364.jpg,0
1366.jpg,4
1368.jpg,0
1371.jpg,3
1373.jpg,3
1374.jpg,1
1375.jpg,2
1377.jpg,0
1378.jpg,0
1381.jpg,0
1382.jpg,0
1386.jpg,1
1388.jpg,1
1389.jpg,0
1390.jpg,4
1391.jpg,0
1392.jpg,0
1394.jpg,0
1395.jpg,4
1396.jpg,4
1399.jpg,3
1404.jpg,0
1406.jpg,0
1407.jpg,4
1408.jpg,2
1413.jpg,1
1415.jpg,0
1416.jpg,4
1417.jpg,0
1419.jpg,0
1420.jpg,2
1424.jpg,2
1425.jpg,4
1430.jpg,4
1433.jpg,4
1436.jpg,0
1439.jpg,2
1440.jpg,3
1441.jpg,3
1445.jpg,3
1448.jpg,1
1450.jpg,3
1451.jpg,4
1452.jpg,4
1454.jpg,0
1455.jpg,0
1456.jpg,0
1459.jpg,4
1461.jpg,4
1462.jpg,1
1463.jpg,0
1464.jpg,3
1465.jpg,0
1469.jpg,3
1470.jpg,2
1474.jpg,0
1475.jpg,3
1477.jpg,3
1480.jpg,3
1482.jpg,3
1487.jpg,3
1489.jpg,4
1492.jpg,2
1494.jpg,3
1495.jpg,4
1496.jpg,2
1502.jpg,1
1503.jpg,1
1505.jpg,3
1506.jpg,0
1509.jpg,2
1510.jpg,1
1511.jpg,0
1513.jpg,3
1514.jpg,4
1515.jpg,3
1520.jpg,2
1521.jpg,3
1525.jpg,4
1526.jpg,2
1527.jpg,3
1530.jpg,1
1533.jpg,0
1534.jpg,4
1535.jpg,0
1537.jpg,3
1538.jpg,1
1541.jpg,2
1542.jpg,2
1543.jpg,3
1544.jpg,2
1545.jpg,1
1547.jpg,1
1549.jpg,3
1554.jpg,0
1555.jpg,1
1556.jpg,2
1557.jpg,3
1559.jpg,2
1560.jpg,0
1561.jpg,3
1567.jpg,0
1569.jpg,3
1571.jpg,1
1572.jpg,3
1573.jpg,2
1574.jpg,4
1575.jpg,2
1576.jpg,3
1577.jpg,4
1579.jpg,4
1581.jpg,0
1584.jpg,4
1585.jpg,3
1586.jpg,2
1588.jpg,3
1589.jpg,4
1591.jpg,4
1592.jpg,0
1594.jpg,1
1598.jpg,3
1600.jpg,0
1601.jpg,4
1604.jpg,3
1606.jpg,4
1608.jpg,3
1609.jpg,3
1611.jpg,0
1612.jpg,2
1613.jpg,2
1614.jpg,2
1615.jpg,2
1616.jpg,3
1617.jpg,3
1618.jpg,2
1620.jpg,2
1621.jpg,0
1622.jpg,3
1623.jpg,2
1624.jpg,2
1625.jpg,3
1626.jpg,0
1627.jpg,2
1628.jpg,0
1629.jpg,2
1630.jpg,4
1631.jpg,2
1632.jpg,3
1633.jpg,2
1634.jpg,1
1636.jpg,1
1637.jpg,2
1639.jpg,1
1642.jpg,1
1643.jpg,1
1645.jpg,2
1646.jpg,3
1647.jpg,2
1648.jpg,4
1649.jpg,0
1651.jpg,1
1652.jpg,0
1654.jpg,1
1655.jpg,0
1657.jpg,0
1659.jpg,1
1660.jpg,2
1662.jpg,3
1664.jpg,1
1665.jpg,3
1668.jpg,3
1670.jpg,2
1673.jpg,2
1674.jpg,3
1675.jpg,1
1676.jpg,4
1679.jpg,4
1680.jpg,3
1686.jpg,2
1690.jpg,3
1691.jpg,4
1692.jpg,4
1693.jpg,4
1695.jpg,1
1696.jpg,2
1697.jpg,1
1698.jpg,3
1699.jpg,1
1701.jpg,4
1702.jpg,2
1706.jpg,4
1707.jpg,2
1708.jpg,4
image-0.jpg,3
image-2.jpg,2
image-3.jpg,3
image-4.jpg,0
image-5.jpg,3
image-6.jpg,3
image-7.jpg,3
image-9.jpg,0
image-11.jpg,0
image-12.jpg,1
image-13.jpg,1
image-14.jpg,0
image-15.jpg,3
image-16.jpg,3
image-17.jpg,1
image-18.jpg,4
image-20.jpg,2
image-21.jpg,1
image-23.jpg,2
image-26.jpg,2
image-27.jpg,4
image-28.jpg,4
image-29.jpg,1
image-32.jpg,0
image-33.jpg,3
image-36.jpg,0
image-37.jpg,1
image-38.jpg,4
image-39.jpg,3
image-40.jpg,4
image-41.jpg,3
image-43.jpg,4
image-45.jpg,1
image-46.jpg,0
image-47.jpg,4
image-48.jpg,0
image-49.jpg,1
image-50.jpg,3
image-51.jpg,1
image-52.jpg,0
image-53.jpg,1
image-54.jpg,1
image-55.jpg,4
image-56.jpg,3
image-57.jpg,2
image-58.jpg,1
image-59.jpg,3
image-60.jpg,2
image-62.jpg,4
image-63.jpg,3
image-65.jpg,3
image-66.jpg,4
image-68.jpg,1
image-70.jpg,4
image-71.jpg,3
image-72.jpg,0
image-75.jpg,4
image-76.jpg,0
image-77.jpg,3
image-78.jpg,1
image-80.jpg,3
image-81.jpg,4
image-85.jpg,3
image-86.jpg,3
image-88.jpg,3
image-90.jpg,3
image-91.jpg,3
image-92.jpg,1
image-93.jpg,3
image-95.jpg,3
image-96.jpg,3
image-98.jpg,1
image-99.jpg,4
image-100.jpg,3
image-101.jpg,2
image-102.jpg,0
image-103.jpg,1
image-104.jpg,2
image-105.jpg,3
image-106.jpg,4
image-108.jpg,3
image-109.jpg,3
image-111.jpg,0
image-112.jpg,2
image-115.jpg,3
image-116.jpg,3
image-118.jpg,2
image-119.jpg,1
image-120.jpg,3
image-121.jpg,3
image-122.jpg,1
image-125.jpg,1
image-126.jpg,1
image-128.jpg,1
image-129.jpg,3
image-131.jpg,3
image-133.jpg,2
image-135.jpg,3
image-136.jpg,1
image-137.jpg,4
image-139.jpg,3
image-140.jpg,2
image-141.jpg,3
image-142.jpg,1
image-143.jpg,1
image-144.jpg,3
image-145.jpg,3
image-148.jpg,4
image-151.jpg,1
image-152.jpg,1
image-153.jpg,3
image-155.jpg,1
image-156.jpg,1
image-157.jpg,0
image-158.jpg,3
image-159.jpg,2
image-160.jpg,3
image-161.jpg,2
image-163.jpg,2
image-165.jpg,1
image-166.jpg,4
image-167.jpg,1
image-168.jpg,3
image-169.jpg,1
image-170.jpg,2
image-171.jpg,3
image-173.jpg,3
image-175.jpg,2
image-176.jpg,1
image-179.jpg,1
image-181.jpg,3
image-182.jpg,4
image-184.jpg,2
image-185.jpg,3
image-186.jpg,3
image-188.jpg,1
image-189.jpg,2
image-190.jpg,1
image-193.jpg,1
image-194.jpg,1
image-196.jpg,0
image-200.jpg,2
image-201.jpg,0
image-204.jpg,2
image-205.jpg,3
image-207.jpg,1
image-208.jpg,0
image-209.jpg,2
image-210.jpg,1
image-211.jpg,3
image-213.jpg,3
image-214.jpg,3
image-215.jpg,2
image-216.jpg,1
image-218.jpg,4
image-220.jpg,1
image-221.jpg,0
image-222.jpg,3
image-224.jpg,0
image-225.jpg,3
image-226.jpg,1
image-227.jpg,1
image-228.jpg,3
image-229.jpg,2
image-230.jpg,4
image-231.jpg,1
image-232.jpg,1
image-233.jpg,2
image-237.jpg,1
image-238.jpg,1
image-240.jpg,1
image-241.jpg,1
image-243.jpg,0
image-245.jpg,4
image-246.jpg,2
image-247.jpg,0
image-248.jpg,2
image-250.jpg,2
image-251.jpg,1
image-253.jpg,3
image-254.jpg,4
image-255.jpg,1
image-256.jpg,3
image-257.jpg,1
image-258.jpg,3
image-259.jpg,3
image-260.jpg,3
image-261.jpg,0
image-262.jpg,0
image-263.jpg,1
image-264.jpg,1
image-265.jpg,1
image-267.jpg,1
image-268.jpg,0
image-274.jpg,1
image-275.jpg,1
image-277.jpg,0
image-278.jpg,1
image-280.jpg,3
image-281.jpg,1
image-283.jpg,2
image-284.jpg,1
image-285.jpg,1
image-286.jpg,2
image-288.jpg,3
image-289.jpg,4
image-290.jpg,1
image-291.jpg,1
image-292.jpg,3
image-293.jpg,1
image-294.jpg,0
image-295.jpg,2
image-296.jpg,1
image-297.jpg,2
image-298.jpg,4
image-299.jpg,2
image-302.jpg,0
image-303.jpg,3
image-304.jpg,3
image-307.jpg,3
image-308.jpg,1
image-309.jpg,4
image-310.jpg,1
image-312.jpg,3
image-314.jpg,0
image-315.jpg,4
image-316.jpg,1
image-317.jpg,0
image-318.jpg,1
image-319.jpg,1
image-320.jpg,3
image-321.jpg,3
image-322.jpg,3
image-323.jpg,1
image-324.jpg,3
image-325.jpg,3
image-326.jpg,2
image-327.jpg,1
image-328.jpg,3
image-329.jpg,1
image-330.jpg,1
image-331.jpg,1
image-332.jpg,3
image-334.jpg,1
image-336.jpg,3
image-337.jpg,2
image-338.jpg,1
image-339.jpg,1
image-340.jpg,1
image-342.jpg,2
image-347.jpg,3
image-349.jpg,0
image-351.jpg,1
image-353.jpg,3
image-355.jpg,2
image-357.jpg,1
image-358.jpg,1
image-360.jpg,2
image-361.jpg,2
image-362.jpg,3
image-365.jpg,1
image-366.jpg,1
image-367.jpg,2
image-371.jpg,4
image-372.jpg,1
image-374.jpg,2
image-375.jpg,1
image-376.jpg,0
image-377.jpg,3
image-378.jpg,1
image-379.jpg,3
image-381.jpg,1
image-382.jpg,0
image-383.jpg,3
image-385.jpg,4
image-388.jpg,3
image-389.jpg,1
image-390.jpg,2
image-391.jpg,0
image-392.jpg,1
image-393.jpg,3
image-396.jpg,3
image-397.jpg,4
image-399.jpg,2
image-401.jpg,1
image-403.jpg,1
image-404.jpg,3
image-405.jpg,1
image-406.jpg,2
image-407.jpg,3
image-408.jpg,1
image-409.jpg,0
image-410.jpg,1
image-411.jpg,1
image-412.jpg,1
image-413.jpg,2
image-415.jpg,3
image-417.jpg,3
image-418.jpg,1
image-421.jpg,3
image-422.jpg,1
image-424.jpg,1
image-425.jpg,1
image-428.jpg,1
image-430.jpg,1
image-433.jpg,4
image-434.jpg,1
image-436.jpg,3
image-437.jpg,1
image-439.jpg,1
image-440.jpg,1
image-441.jpg,2
image-442.jpg,0
image-443.jpg,3
image-444.jpg,4
image-445.jpg,0
image-446.jpg,1
image-447.jpg,2
image-449.jpg,1
image-450.jpg,1
image-451.jpg,1
image-452.jpg,1
image-453.jpg,1
image-454.jpg,1
image-455.jpg,2
image-457.jpg,1
image-458.jpg,1
image-463.jpg,2
image-464.jpg,1
image-465.jpg,3
image-466.jpg,1
image-469.jpg,1
image-470.jpg,1
image-471.jpg,2
image-472.jpg,2
image-478.jpg,3
image-479.jpg,1
image-480.jpg,3
image-482.jpg,3
image-483.jpg,2
image-484.jpg,1
image-486.jpg,1
image-487.jpg,1
image-488.jpg,1
image-490.jpg,4
image-491.jpg,4
image-494.jpg,0
image-495.jpg,1
image-496.jpg,3
image-497.jpg,1
image-498.jpg,1
image-499.jpg,1
image-500.jpg,3
image-501.jpg,3
image-502.jpg,1
image-503.jpg,1
image-504.jpg,3
image-509.jpg,2
image-512.jpg,1
image-513.jpg,1
image-515.jpg,1
image-518.jpg,1
image-519.jpg,3
image-520.jpg,1
image-523.jpg,1
image-524.jpg,1
image-525.jpg,1
image-526.jpg,3
image-527.jpg,0
image-530.jpg,3
image-532.jpg,1
image-534.jpg,4
image-535.jpg,2
image-537.jpg,1
image-538.jpg,0
image-539.jpg,0
image-541.jpg,3
image-542.jpg,3
image-547.jpg,1
image-548.jpg,2
image-550.jpg,1
image-551.jpg,0
image-552.jpg,1
image-553.jpg,1
image-554.jpg,4
image-556.jpg,1
image-563.jpg,2
image-564.jpg,1
image-565.jpg,0
image-566.jpg,1
image-567.jpg,2
image-569.jpg,1
image-570.jpg,2
image-572.jpg,3
image-576.jpg,2
image-577.jpg,1
image-578.jpg,1
image-579.jpg,2
image-581.jpg,3
image-582.jpg,1
image-583.jpg,0
image-585.jpg,3
image-586.jpg,3
image-588.jpg,4
image-589.jpg,3
image-593.jpg,2
image-594.jpg,3
image-597.jpg,1
image-598.jpg,4
image-599.jpg,2
image-600.jpg,2
image-601.jpg,1
image-603.jpg,3
image-605.jpg,4
image-608.jpg,3
image-609.jpg,0
image-611.jpg,1
image-612.jpg,4
image-614.jpg,4
image-615.jpg,2
image-616.jpg,1
image-617.jpg,2
image-618.jpg,4
image-619.jpg,1
image-620.jpg,1
image-622.jpg,2
image-623.jpg,1
image-624.jpg,3
image-625.jpg,3
image-626.jpg,3
image-627.jpg,0
image-629.jpg,2
image-633.jpg,0
image-634.jpg,1
image-635.jpg,4
image-637.jpg,4
image-638.jpg,3
image-639.jpg,1
image-641.jpg,1
image-642.jpg,1
image-643.jpg,1
image-644.jpg,3
image-645.jpg,1
image-647.jpg,1
image-649.jpg,1
image-650.jpg,1
image-651.jpg,2
image-652.jpg,2
image-655.jpg,3
image-656.jpg,1
image-658.jpg,2
image-662.jpg,1
image-663.jpg,2
image-669.jpg,3
image-671.jpg,3
image-672.jpg,3
image-673.jpg,4
image-674.jpg,1
image-678.jpg,3
image-680.jpg,0
image-681.jpg,0
image-682.jpg,3
image-685.jpg,0
image-686.jpg,1
image-688.jpg,3
image-689.jpg,3
image-690.jpg,3
image-691.jpg,1
image-692.jpg,0
image-693.jpg,3
image-694.jpg,0
image-695.jpg,1
image-697.jpg,1
image-698.jpg,2
image-699.jpg,3
image-700.jpg,0
image-704.jpg,3
image-707.jpg,4
image-708.jpg,1
image-710.jpg,1
image-711.jpg,2
image-714.jpg,1
image-715.jpg,1
image-718.jpg,3
image-719.jpg,0
image-720.jpg,3
image-721.jpg,4
image-724.jpg,1
image-725.jpg,3
image-726.jpg,1
image-727.jpg,2
image-730.jpg,3
image-734.jpg,1
image-735.jpg,1
image-737.jpg,0
image-740.jpg,4
image-743.jpg,1
image-745.jpg,2
image-747.jpg,1
image-750.jpg,3
image-751.jpg,3
image-752.jpg,1
image-753.jpg,3
image-754.jpg,1
image-756.jpg,4
image-758.jpg,1
image-760.jpg,2
image-763.jpg,3
image-764.jpg,4
image-765.jpg,1
image-767.jpg,1
image-768.jpg,1
image-776.jpg,1
image-778.jpg,3
image-780.jpg,1
image-782.jpg,1
image-783.jpg,3
image-786.jpg,3
image-787.jpg,4
image-789.jpg,3
image-792.jpg,3
image-793.jpg,1
image-794.jpg,0
image-795.jpg,1
image-799.jpg,3
image-801.jpg,1
image-804.jpg,1
image-807.jpg,3
image-808.jpg,3
image-811.jpg,3
image-812.jpg,4
image-813.jpg,2
image-823.jpg,0
image-826.jpg,1
image-1000.jpg,1
image-1001.jpg,1
image-1003.jpg,1
image-1005.jpg,3
image-1006.jpg,2
image-1101.jpg,2
image-1104.jpg,1
image-1105.jpg,1
image-1106.jpg,3
image-1107.jpg,2
image-1109.jpg,1
image-1011.jpg,0
image-1012.jpg,4
image-1016.jpg,0
image-1017.jpg,4
image-1030.jpg,4
image-1031.jpg,1
image-1032.jpg,3
image-1033.jpg,1
image-1037.jpg,3
image-1038.jpg,1
image-1052.jpg,4
image-1054.jpg,3
image-1055.jpg,3
image-1058.jpg,4
image-1059.jpg,3
image-1070.jpg,2
image-1072.jpg,2
image-1073.jpg,1
image-1077.jpg,1
image-1079.jpg,2
image-1090.jpg,1
image-1092.jpg,2
image-1093.jpg,3
image-1094.jpg,2
image-1098.jpg,2
image-1099.jpg,4
image-1120.jpg,2
image-1121.jpg,0
image-1122.jpg,2
image-1128.jpg,2
image-1129.jpg,0
image-1140.jpg,0
image-1141.jpg,4
image-1142.jpg,1
image-1144.jpg,1
image-1145.jpg,1
image-1151.jpg,3
image-1152.jpg,2
image-1155.jpg,1
image-1158.jpg,4
image-1161.jpg,1
image-1162.jpg,1
image-1163.jpg,1
image-1164.jpg,1
image-1166.jpg,1
image-1167.jpg,3
image-1168.jpg,3
image-1169.jpg,1
image-1184.jpg,2
image-1185.jpg,1
image-1188.jpg,0
image-1300.jpg,2
image-1308.jpg,1
image-1311.jpg,3
image-1313.jpg,2
image-1314.jpg,1
image-1315.jpg,2
image-1321.jpg,3
image-1328.jpg,1
image-1329.jpg,3
image-1362.jpg,3
image-1365.jpg,2
image-1366.jpg,3
image-1368.jpg,0
image-1369.jpg,1
image-1371.jpg,3
image-1373.jpg,4
image-1375.jpg,4
image-1376.jpg,3
image-1377.jpg,2
image-1378.jpg,2
image-1379.jpg,1
image-1382.jpg,1
image-1384.jpg,2
image-1387.jpg,3
image-1388.jpg,1
image-1389.jpg,2
image-1407.jpg,0
image-1409.jpg,4
image-1410.jpg,1
image-1414.jpg,3
image-1415.jpg,4
image-1421.jpg,1
image-1423.jpg,0
image-1425.jpg,2
image-1435.jpg,4
image-1436.jpg,4
image-1445.jpg,1
image-1456.jpg,2
image-1475.jpg,2
image-1477.jpg,2
image-1478.jpg,1
image-1480.jpg,1
image-1481.jpg,0
image-1488.jpg,3
image-1489.jpg,1
image-1492.jpg,2
image-1506.jpg,1
image-1519.jpg,0
image-1523.jpg,1
image-1526.jpg,4
image-1531.jpg,3
image-1524.jpg,1
image-1535.jpg,1
image-1539.jpg,2
image-1545.jpg,3
image-1546.jpg,2
image-1559.jpg,2
image-1562.jpg,1
image-1566.jpg,4
image-1570.jpg,1
image-1573.jpg,1
image-1575.jpg,2
image-1576.jpg,4
image-1579.jpg,1
image-1581.jpg,0
image-1590.jpg,0
image-1593.jpg,1
image-1600.jpg,1
image-1602.jpg,4
image-1604.jpg,2
image-1606.jpg,0
image-1611.jpg,1
image-1611.jpg,2
image-1613.jpg,3
image-1618.jpg,4
image-1619.jpg,1
image-1621.jpg,1
image-1622.jpg,1
image-1623.jpg,1
image-1625.jpg,0
image-1626.jpg,0
image-1627.jpg,0
image-1634.jpg,2
image-1637.jpg,2
image-1644.jpg,1
image-1645.jpg,4
image-1647.jpg,2
image-1652.jpg,2
image-1655.jpg,1
image-1658.jpg,1
image-1660.jpg,1
image-1663.jpg,1
image-1673.jpg,1
image-1678.jpg,1
image-1679.jpg,4
image-1680.jpg,3
image-1681.jpg,2
image-1683.jpg,2
image-1684.jpg,3
image-1687.jpg,0
image-1690.jpg,1
image-1691.jpg,1
image-1695.jpg,4
image-1700.jpg,1
image-1701.jpg,1
image-1703.jpg,2
image-1704.jpg,0
image-1707.jpg,1
image-1710.jpg,1
image-1711.jpg,1
image-1712.jpg,2
image-1714.jpg,0
image-1715.jpg,1
image-1717.jpg,4
image-1718.jpg,0
image-1719.jpg,4
image-1720.jpg,4
image-1721.jpg,4
image-1722.jpg,4
image-1726.jpg,1
image-1727.jpg,1
image-1728.jpg,1
image-1729.jpg,1
image-1730.jpg,3
image-1731.jpg,1
image-1735.jpg,1
image-1739.jpg,0
image-1743.jpg,1
image-1748.jpg,1
image-1751.jpg,1
image-1757.jpg,1
image-1758.jpg,3
image-1760.jpg,1
image-1763.jpg,2
image-1765.jpg,0
image-1766.jpg,2
image-1767.jpg,1
image-1768.jpg,2
image-1772.jpg,1
image-1773.jpg,1
image-1779.jpg,2
image-1780.jpg,2
image-1787.jpg,0
image-1788.jpg,1
image-1792.jpg,1
image-1794.jpg,1
image-1796.jpg,4
image-1797.jpg,2
image-1799.jpg,2
image-1802.jpg,1
image-1803.jpg,1
image-1806.jpg,1
image-1807.jpg,1
image-1810.jpg,3
image-1815.jpg,1
image-1816.jpg,4
image-1819.jpg,3
image-1821.jpg,4
image-1823.jpg,1
image-1825.jpg,1
image-1827.jpg,4
image-1829.jpg,0
image-1832.jpg,1
image-1834.jpg,3
image-1840.jpg,0
image-1846.jpg,1
image-1850.jpg,1
image-1852.jpg,2
image-1855.jpg,4
image-1858.jpg,1
image-1860.jpg,0
image-1861.jpg,2
image-1866.jpg,1
image-1872.jpg,2
image-1874.jpg,1
image-1875.jpg,1
image-1878.jpg,1
image-1879.jpg,1
image-1881.jpg,1
image-1882.jpg,2
image-1883.jpg,1
image-1889.jpg,2
image-1890.jpg,1
image-1892.jpg,1
image-1896.jpg,2
image-1898.jpg,4
image-1901.jpg,4
image-1906.jpg,1
image-1907.jpg,1
image-1914.jpg,1
image-1918.jpg,0
image-1920.jpg,2
image-1922.jpg,2
image-1924.jpg,1
image-1926.jpg,1
image-1927.jpg,2
image-1928.jpg,3
image-1930.jpg,1
image-1932.jpg,3
image-1934.jpg,1
image-1937.jpg,4
image-1938.jpg,2
image-1939.jpg,0
image-1941.jpg,1
image-1943.jpg,3
image-1944.jpg,0
image-1945.jpg,3
image-1947.jpg,3
image-1949.jpg,1
image-1950.jpg,1
image-1952.jpg,1
image-1953.jpg,4
image-1954.jpg,2
image-1957.jpg,4
image-1960.jpg,3
image-1963.jpg,2
image-1964.jpg,2
image-1970.jpg,1
image-1971.jpg,1
image-1973.jpg,3
image-1979.jpg,1
image-1980.jpg,4
image-1984.jpg,3
image-1985.jpg,1
image-1986.jpg,1
image-1987.jpg,3
image-1988.jpg,1
image-1990.jpg,1
image-1991.jpg,2
image-1997.jpg,3
image-1998.jpg,0
image-2000.jpg,3
image-2002.jpg,1
image-2008.jpg,3
image-2010.jpg,0
image-2012.jpg,1
image-2013.jpg,3
image-2015.jpg,2
image-2016.jpg,1
image-2017.jpg,1
image-2022.jpg,1
image-2023.jpg,1
image-2024.jpg,3
image-2026.jpg,0
image-2027.jpg,4
image-2028.jpg,0
image-2033.jpg,1
image-2035.jpg,1
image-2036.jpg,2
image-2039.jpg,1
image-2040.jpg,1
image-2041.jpg,2
image-2042.jpg,3
image-2043.jpg,3
image-2044.jpg,1
image-2048.jpg,1
image-2050.jpg,0
image-2051.jpg,2
image-2052.jpg,3
image-2054.jpg,1
image-2055.jpg,3
image-2056.jpg,1
image-2058.jpg,1
